<?xml version="1.0" encoding="UTF-8"?>
<metadata xml:lang="es"><Esri><CreaDate>20150827</CreaDate><CreaTime>15073900</CreaTime><SyncOnce>FALSE</SyncOnce><SyncDate>20150611</SyncDate><SyncTime>14283500</SyncTime><ModDate>20150611</ModDate><ModTime>14283500</ModTime><DataProperties><lineage><Process Name="FeatureClassToFeatureClass_1" ToolSource="C:\Archivos de programa\ArcGIS\ArcToolbox\Toolboxes\Conversion Tools.tbx\FeatureClassToFeatureClass" Date="20100224" Time="183317">FeatureClassToFeatureClass "X:\laruizp\supervision_2010\EDICION\IDEAM\borrar\ZONIFICACION HIDROGRAFICA DE COLOMBIA.mdb\Zonificacion_Hidrografica\SZHv202" X:\laruizp\supervision_2010\EDICION\IDEAM\borrar\subzonas.mdb\subzonas SZHv202 # "SZHV201_PNTC SZHV201_PNTC true true false 3 Text 0 0 ,First,#,X:\laruizp\supervision_2010\EDICION\IDEAM\borrar\ZONIFICACION HIDROGRAFICA DE COLOMBIA.mdb\Zonificacion_Hidrografica\SZHv202,SZHV201_PNTC,-1,-1;AH AH true true false 2 Short 0 0 ,First,#,X:\laruizp\supervision_2010\EDICION\IDEAM\borrar\ZONIFICACION HIDROGRAFICA DE COLOMBIA.mdb\Zonificacion_Hidrografica\SZHv202,AH,-1,-1;NOMAH NOMAH true true false 15 Text 0 0 ,First,#,X:\laruizp\supervision_2010\EDICION\IDEAM\borrar\ZONIFICACION HIDROGRAFICA DE COLOMBIA.mdb\Zonificacion_Hidrografica\SZHv202,NOMAH,-1,-1;ZH ZH true true false 2 Short 0 0 ,First,#,X:\laruizp\supervision_2010\EDICION\IDEAM\borrar\ZONIFICACION HIDROGRAFICA DE COLOMBIA.mdb\Zonificacion_Hidrografica\SZHv202,ZH,-1,-1;NOMZH NOMZH true true false 32 Text 0 0 ,First,#,X:\laruizp\supervision_2010\EDICION\IDEAM\borrar\ZONIFICACION HIDROGRAFICA DE COLOMBIA.mdb\Zonificacion_Hidrografica\SZHv202,NOMZH,-1,-1;SZH SZH true true false 2 Short 0 0 ,First,#,X:\laruizp\supervision_2010\EDICION\IDEAM\borrar\ZONIFICACION HIDROGRAFICA DE COLOMBIA.mdb\Zonificacion_Hidrografica\SZHv202,SZH,-1,-1;NOMSZH NOMSZH true true false 91 Text 0 0 ,First,#,X:\laruizp\supervision_2010\EDICION\IDEAM\borrar\ZONIFICACION HIDROGRAFICA DE COLOMBIA.mdb\Zonificacion_Hidrografica\SZHv202,NOMSZH,-1,-1;NOTASSZH NOTASSZH true true false 50 Text 0 0 ,First,#,X:\laruizp\supervision_2010\EDICION\IDEAM\borrar\ZONIFICACION HIDROGRAFICA DE COLOMBIA.mdb\Zonificacion_Hidrografica\SZHv202,NOTASSZH,-1,-1;Length_Magna Length_Magna true true false 8 Double 0 0 ,First,#,X:\laruizp\supervision_2010\EDICION\IDEAM\borrar\ZONIFICACION HIDROGRAFICA DE COLOMBIA.mdb\Zonificacion_Hidrografica\SZHv202,Length_Magna,-1,-1;Area_Magna Area_Magna true true false 8 Double 0 0 ,First,#,X:\laruizp\supervision_2010\EDICION\IDEAM\borrar\ZONIFICACION HIDROGRAFICA DE COLOMBIA.mdb\Zonificacion_Hidrografica\SZHv202,Area_Magna,-1,-1;SHAPE_Length SHAPE_Length false true true 8 Double 0 0 ,First,#,X:\laruizp\supervision_2010\EDICION\IDEAM\borrar\ZONIFICACION HIDROGRAFICA DE COLOMBIA.mdb\Zonificacion_Hidrografica\SZHv202,SHAPE_Length,-1,-1;SHAPE_Area SHAPE_Area false true true 8 Double 0 0 ,First,#,X:\laruizp\supervision_2010\EDICION\IDEAM\borrar\ZONIFICACION HIDROGRAFICA DE COLOMBIA.mdb\Zonificacion_Hidrografica\SZHv202,SHAPE_Area,-1,-1" # X:\laruizp\supervision_2010\EDICION\IDEAM\borrar\subzonas.mdb\subzonas\SZHv202</Process><Process Name="FeatureClassToFeatureClass_1" ToolSource="C:\Archivos de programa\ArcGIS\ArcToolbox\Toolboxes\Conversion Tools.tbx\FeatureClassToFeatureClass" Date="20100224" Time="223715">FeatureClassToFeatureClass X:\laruizp\supervision_2010\EDICION\IDEAM\borrar\subzonas.mdb\subzonas\SZHv202 "X:\laruizp\supervision_2010\EDICION\IDEAM\borrar\ZONIFICACION HIDROGRAFICA DE COLOMBIA.mdb\Zonificacion_Hidrografica" SZHv202 # "SZHV201_PNTC SZHV201_PNTC true true false 3 Text 0 0 ,First,#,X:\laruizp\supervision_2010\EDICION\IDEAM\borrar\subzonas.mdb\subzonas\SZHv202,SZHV201_PNTC,-1,-1;AH AH true true false 2 Short 0 0 ,First,#,X:\laruizp\supervision_2010\EDICION\IDEAM\borrar\subzonas.mdb\subzonas\SZHv202,AH,-1,-1;NOMAH NOMAH true true false 15 Text 0 0 ,First,#,X:\laruizp\supervision_2010\EDICION\IDEAM\borrar\subzonas.mdb\subzonas\SZHv202,NOMAH,-1,-1;ZH ZH true true false 2 Short 0 0 ,First,#,X:\laruizp\supervision_2010\EDICION\IDEAM\borrar\subzonas.mdb\subzonas\SZHv202,ZH,-1,-1;NOMZH NOMZH true true false 32 Text 0 0 ,First,#,X:\laruizp\supervision_2010\EDICION\IDEAM\borrar\subzonas.mdb\subzonas\SZHv202,NOMZH,-1,-1;SZH SZH true true false 2 Short 0 0 ,First,#,X:\laruizp\supervision_2010\EDICION\IDEAM\borrar\subzonas.mdb\subzonas\SZHv202,SZH,-1,-1;NOMSZH NOMSZH true true false 91 Text 0 0 ,First,#,X:\laruizp\supervision_2010\EDICION\IDEAM\borrar\subzonas.mdb\subzonas\SZHv202,NOMSZH,-1,-1;NOTASSZH NOTASSZH true true false 50 Text 0 0 ,First,#,X:\laruizp\supervision_2010\EDICION\IDEAM\borrar\subzonas.mdb\subzonas\SZHv202,NOTASSZH,-1,-1;Length_Magna Length_Magna true true false 8 Double 0 0 ,First,#,X:\laruizp\supervision_2010\EDICION\IDEAM\borrar\subzonas.mdb\subzonas\SZHv202,Length_Magna,-1,-1;Area_Magna Area_Magna true true false 8 Double 0 0 ,First,#,X:\laruizp\supervision_2010\EDICION\IDEAM\borrar\subzonas.mdb\subzonas\SZHv202,Area_Magna,-1,-1;Shape_Length Shape_Length false true true 8 Double 0 0 ,First,#,X:\laruizp\supervision_2010\EDICION\IDEAM\borrar\subzonas.mdb\subzonas\SZHv202,Shape_Length,-1,-1;Shape_Area Shape_Area false true true 8 Double 0 0 ,First,#,X:\laruizp\supervision_2010\EDICION\IDEAM\borrar\subzonas.mdb\subzonas\SZHv202,Shape_Area,-1,-1" # "X:\laruizp\supervision_2010\EDICION\IDEAM\borrar\ZONIFICACION HIDROGRAFICA DE COLOMBIA.mdb\Zonificacion_Hidrografica\SZHv202"</Process><Process ToolSource="C:\Program Files (x86)\ArcGIS\ArcToolbox\Toolboxes\Conversion Tools.tbx\FeatureClassToFeatureClass" Date="20110413" Time="070028">FeatureClassToFeatureClass "G:\Historico_Equipos\CPU_vieja\COPIA_SEGURIDAD_IDEAM\definitivo_IGAC\ZONIFICACION HIDROGRAFICA DE COLOMBIA.mdb\Zonificacion_Hidrografica\SZH" F:\CARTOGRAFIA_FINAL_ENA\BASE_DATOS_ENA_2010.mdb\ZONIFICACION_HIDROLOGICA SZH # "AH 'AH' true true false 2 Short 0 0 ,First,#,G:\Historico_Equipos\CPU_vieja\COPIA_SEGURIDAD_IDEAM\definitivo_IGAC\ZONIFICACION HIDROGRAFICA DE COLOMBIA.mdb\Zonificacion_Hidrografica\SZH,AH,-1,-1;NOMAH 'NOMAH' true true false 15 Text 0 0 ,First,#,G:\Historico_Equipos\CPU_vieja\COPIA_SEGURIDAD_IDEAM\definitivo_IGAC\ZONIFICACION HIDROGRAFICA DE COLOMBIA.mdb\Zonificacion_Hidrografica\SZH,NOMAH,-1,-1;ZH 'ZH' true true false 2 Short 0 0 ,First,#,G:\Historico_Equipos\CPU_vieja\COPIA_SEGURIDAD_IDEAM\definitivo_IGAC\ZONIFICACION HIDROGRAFICA DE COLOMBIA.mdb\Zonificacion_Hidrografica\SZH,ZH,-1,-1;NOMZH 'NOMZH' true true false 32 Text 0 0 ,First,#,G:\Historico_Equipos\CPU_vieja\COPIA_SEGURIDAD_IDEAM\definitivo_IGAC\ZONIFICACION HIDROGRAFICA DE COLOMBIA.mdb\Zonificacion_Hidrografica\SZH,NOMZH,-1,-1;SZH 'SZH' true true false 2 Short 0 0 ,First,#,G:\Historico_Equipos\CPU_vieja\COPIA_SEGURIDAD_IDEAM\definitivo_IGAC\ZONIFICACION HIDROGRAFICA DE COLOMBIA.mdb\Zonificacion_Hidrografica\SZH,SZH,-1,-1;NOMSZH 'NOMSZH' true true false 91 Text 0 0 ,First,#,G:\Historico_Equipos\CPU_vieja\COPIA_SEGURIDAD_IDEAM\definitivo_IGAC\ZONIFICACION HIDROGRAFICA DE COLOMBIA.mdb\Zonificacion_Hidrografica\SZH,NOMSZH,-1,-1" # F:\CARTOGRAFIA_FINAL_ENA\BASE_DATOS_ENA_2010.mdb\ZONIFICACION_HIDROLOGICA\SZH</Process><Process ToolSource="C:\Program Files (x86)\ArcGIS\Desktop10.0\ArcToolbox\Toolboxes\Data Management Tools.tbx\CalculateField" Date="20110718" Time="104031">CalculateField SZH_Julio_17 cod_nuevo [SZH] VB #</Process><Process ToolSource="C:\Program Files (x86)\ArcGIS\Desktop10.0\ArcToolbox\Toolboxes\Data Management Tools.tbx\CalculateField" Date="20110718" Time="104100">CalculateField SZH_Julio_17 cod_nuevo [SZH] VB #</Process><Process ToolSource="C:\Program Files (x86)\ArcGIS\Desktop10.0\ArcToolbox\Toolboxes\Data Management Tools.tbx\CalculateField" Date="20130805" Time="154427">CalculateField SZH AH 2 VB #</Process><Process ToolSource="C:\Program Files (x86)\ArcGIS\Desktop10.0\ArcToolbox\Toolboxes\Data Management Tools.tbx\CalculateField" Date="20130815" Time="152457">CalculateField SZH_Ago_15_2013 SZH 2905 VB #</Process><Process ToolSource="c:\program files (x86)\arcgis\desktop10.2\ArcToolbox\Toolboxes\Data Management Tools.tbx\CalculateField" Date="20131003" Time="155118">CalculateField SZH_Colombia_2013 NOMSZH "Río Totare" VB #</Process><Process ToolSource="c:\program files (x86)\arcgis\desktop10.1\ArcToolbox\Toolboxes\Conversion Tools.tbx\FeatureClassToFeatureClass" Date="20131024" Time="151706">FeatureClassToFeatureClass SZH_Colombia_2013 C:\Users\jloaiza\Desktop\Zonificacion_2013\Zonificacion.gdb\Zonifica Zonificacion_Hidrografica_2013 # "OBJECTID "OBJECTID" true true false 9 Long 0 9 ,First,#,C:\Users\jloaiza\Desktop\Zonificacion_2013\SZH_Colombia_2013.shp,OBJECTID,-1,-1;AH "AH" true true false 4 Short 0 4 ,First,#,C:\Users\jloaiza\Desktop\Zonificacion_2013\SZH_Colombia_2013.shp,AH,-1,-1;NOMAH "NOMAH" true true false 15 Text 0 0 ,First,#,C:\Users\jloaiza\Desktop\Zonificacion_2013\SZH_Colombia_2013.shp,NOMAH,-1,-1;ZH "ZH" true true false 4 Short 0 4 ,First,#,C:\Users\jloaiza\Desktop\Zonificacion_2013\SZH_Colombia_2013.shp,ZH,-1,-1;NOMZH "NOMZH" true true false 32 Text 0 0 ,First,#,C:\Users\jloaiza\Desktop\Zonificacion_2013\SZH_Colombia_2013.shp,NOMZH,-1,-1;SZH "SZH" true true false 4 Short 0 4 ,First,#,C:\Users\jloaiza\Desktop\Zonificacion_2013\SZH_Colombia_2013.shp,SZH,-1,-1;NOMSZH "NOMSZH" true true false 91 Text 0 0 ,First,#,C:\Users\jloaiza\Desktop\Zonificacion_2013\SZH_Colombia_2013.shp,NOMSZH,-1,-1;Shape_Leng "Shape_Leng" true true false 19 Double 0 0 ,First,#,C:\Users\jloaiza\Desktop\Zonificacion_2013\SZH_Colombia_2013.shp,Shape_Leng,-1,-1;Shape_Area "Shape_Area" true true false 19 Double 0 0 ,First,#,C:\Users\jloaiza\Desktop\Zonificacion_2013\SZH_Colombia_2013.shp,Shape_Area,-1,-1" #</Process><Process ToolSource="c:\program files (x86)\arcgis\desktop10.1\ArcToolbox\Toolboxes\Analysis Tools.tbx\Union" Date="20150611" Time="142839">Union "SZH_Colombia_2013 #;Zonificacion_hidrografica_2013 #" "D:\INFORMACION PARA REVISAR\OFICIALIZADA SIA 2015\ZONIFI_HIDROGRAFICA.gdb\UNIDADES_DE_ANALISIS\Zonificacion_hidrografica_2013a" ALL # GAPS</Process></lineage><itemProps><itemName Sync="TRUE">Zonificacion_hidrografica_2013a</itemName><imsContentType Sync="TRUE">002</imsContentType><itemLocation><linkage Sync="TRUE">file://\\IDEAM-16292\D$\INFORMACION PARA REVISAR\OFICIALIZADA SIA 2015\ZONIFI_HIDROGRAFICA.gdb</linkage><protocol Sync="TRUE">Local Area Network</protocol></itemLocation></itemProps><coordRef><type Sync="TRUE">Geographic</type><geogcsn Sync="TRUE">GCS_MAGNA</geogcsn><csUnits Sync="TRUE">Angular Unit: Degree (0.017453)</csUnits><peXml Sync="TRUE">&lt;GeographicCoordinateSystem xsi:type='typens:GeographicCoordinateSystem' xmlns:xsi='http://www.w3.org/2001/XMLSchema-instance' xmlns:xs='http://www.w3.org/2001/XMLSchema' xmlns:typens='http://www.esri.com/schemas/ArcGIS/10.1'&gt;&lt;WKT&gt;GEOGCS[&amp;quot;GCS_MAGNA&amp;quot;,DATUM[&amp;quot;D_MAGNA&amp;quot;,SPHEROID[&amp;quot;GRS_1980&amp;quot;,6378137.0,298.257222101]],PRIMEM[&amp;quot;Greenwich&amp;quot;,0.0],UNIT[&amp;quot;Degree&amp;quot;,0.0174532925199433],AUTHORITY[&amp;quot;EPSG&amp;quot;,4686]]&lt;/WKT&gt;&lt;XOrigin&gt;-400&lt;/XOrigin&gt;&lt;YOrigin&gt;-400&lt;/YOrigin&gt;&lt;XYScale&gt;999999999.99999988&lt;/XYScale&gt;&lt;ZOrigin&gt;-100000&lt;/ZOrigin&gt;&lt;ZScale&gt;10000&lt;/ZScale&gt;&lt;MOrigin&gt;-100000&lt;/MOrigin&gt;&lt;MScale&gt;10000&lt;/MScale&gt;&lt;XYTolerance&gt;8.9831528411952133e-009&lt;/XYTolerance&gt;&lt;ZTolerance&gt;0.001&lt;/ZTolerance&gt;&lt;MTolerance&gt;0.001&lt;/MTolerance&gt;&lt;HighPrecision&gt;true&lt;/HighPrecision&gt;&lt;LeftLongitude&gt;-180&lt;/LeftLongitude&gt;&lt;WKID&gt;4686&lt;/WKID&gt;&lt;LatestWKID&gt;4686&lt;/LatestWKID&gt;&lt;/GeographicCoordinateSystem&gt;</peXml></coordRef></DataProperties><ArcGISFormat>1.0</ArcGISFormat></Esri><idinfo><native Sync="TRUE">Microsoft Windows Vista Version 6.1 (Build 7600) ; ESRI ArcCatalog 9.3.0.1770</native><descript><langdata Sync="TRUE">en</langdata><abstract>REQUIRED: A brief narrative summary of the data set.</abstract><purpose>REQUIRED: A summary of the intentions with which the data set was developed.</purpose></descript><citation><citeinfo><origin>REQUIRED: The name of an organization or individual that developed the data set.</origin><pubdate>REQUIRED: The date when the data set is published or otherwise made available for release.</pubdate><title Sync="TRUE">SZH</title><ftname Sync="TRUE">SZH</ftname><geoform Sync="TRUE">vector digital data</geoform><onlink Sync="TRUE"></onlink></citeinfo></citation><timeperd><current>REQUIRED: The basis on which the time period of content information is determined.</current><timeinfo><sngdate><caldate>REQUIRED: The year (and optionally month, or month and day) for which the data set corresponds to the ground.</caldate></sngdate></timeinfo></timeperd><status><progress>REQUIRED: The state of the data set.</progress><update>REQUIRED: The frequency with which changes and additions are made to the data set after the initial data set is completed.</update></status><spdom><bounding><westbc Sync="TRUE">REQUIRED: Western-most coordinate of the limit of coverage expressed in longitude.</westbc><eastbc Sync="TRUE">REQUIRED: Eastern-most coordinate of the limit of coverage expressed in longitude.</eastbc><northbc Sync="TRUE">REQUIRED: Northern-most coordinate of the limit of coverage expressed in latitude.</northbc><southbc Sync="TRUE">REQUIRED: Southern-most coordinate of the limit of coverage expressed in latitude.</southbc></bounding></spdom><keywords><theme><themekt>REQUIRED: Reference to a formally registered thesaurus or a similar authoritative source of theme keywords.</themekt><themekey>REQUIRED: Common-use word or phrase used to describe the subject of the data set.</themekey></theme></keywords><accconst>REQUIRED: Restrictions and legal prerequisites for accessing the data set.</accconst><useconst>REQUIRED: Restrictions and legal prerequisites for using the data set after access is granted.</useconst><natvform Sync="TRUE">Personal GeoDatabase Feature Class</natvform></idinfo><dataIdInfo><envirDesc Sync="TRUE">Microsoft Windows 7 Version 6.1 (Build 7601) Service Pack 1; Esri ArcGIS 10.1.0.3035</envirDesc><dataLang><languageCode Sync="TRUE" value="spa"></languageCode><countryCode value="COL" Sync="TRUE"></countryCode></dataLang><idCitation><resTitle Sync="TRUE">Zonificacion_hidrografica_2013a</resTitle><presForm><PresFormCd Sync="TRUE" value="005"></PresFormCd></presForm></idCitation><spatRpType><SpatRepTypCd Sync="TRUE" value="001"></SpatRepTypCd></spatRpType></dataIdInfo><metainfo><langmeta Sync="TRUE">en</langmeta><metstdn Sync="TRUE">FGDC Content Standards for Digital Geospatial Metadata</metstdn><metstdv Sync="TRUE">FGDC-STD-001-1998</metstdv><mettc Sync="TRUE">local time</mettc><metc><cntinfo><cntorgp><cntper>REQUIRED: The person responsible for the metadata information.</cntper><cntorg>REQUIRED: The organization responsible for the metadata information.</cntorg></cntorgp><cntaddr><addrtype>REQUIRED: The mailing and/or physical address for the organization or individual.</addrtype><city>REQUIRED: The city of the address.</city><state>REQUIRED: The state or province of the address.</state><postal>REQUIRED: The ZIP or other postal code of the address.</postal></cntaddr><cntvoice>REQUIRED: The telephone number by which individuals can speak to the organization or individual.</cntvoice></cntinfo></metc><metd Sync="TRUE">20110413</metd></metainfo><mdLang><languageCode Sync="TRUE" value="spa"></languageCode><countryCode value="COL" Sync="TRUE"></countryCode></mdLang><mdStanName Sync="TRUE">ISO 19115 Geographic Information - Metadata</mdStanName><mdStanVer Sync="TRUE">DIS_ESRI1.0</mdStanVer><mdChar><CharSetCd Sync="TRUE" value="004"></CharSetCd></mdChar><mdHrLv><ScopeCd Sync="TRUE" value="005"></ScopeCd></mdHrLv><mdHrLvName Sync="TRUE">dataset</mdHrLvName><distinfo><resdesc Sync="TRUE">Downloadable Data</resdesc></distinfo><distInfo><distributor><distorTran><onLineSrc><orDesc Sync="TRUE">002</orDesc><linkage Sync="TRUE">file://</linkage><protocol Sync="TRUE">Local Area Network</protocol></onLineSrc></distorTran><distorFormat><formatName Sync="TRUE">Personal GeoDatabase Feature Class</formatName></distorFormat></distributor><distFormat><formatName Sync="TRUE">File Geodatabase Feature Class</formatName></distFormat></distInfo><spdoinfo><direct Sync="TRUE">Vector</direct><ptvctinf><esriterm Name="Zonificacion_hidrografica_2013a"><efeatyp Sync="TRUE">Simple</efeatyp><efeageom code="4" Sync="TRUE"></efeageom><esritopo Sync="TRUE">FALSE</esritopo><efeacnt Sync="TRUE">0</efeacnt><spindex Sync="TRUE">TRUE</spindex><linrefer Sync="TRUE">FALSE</linrefer></esriterm></ptvctinf></spdoinfo><spref><horizsys><cordsysn><geogcsn Sync="TRUE">GCS_MAGNA</geogcsn><projcsn Sync="TRUE">MAGNA_Colombia_Bogota</projcsn></cordsysn><geodetic><horizdn Sync="TRUE">D_MAGNA</horizdn><ellips Sync="TRUE">Geodetic Reference System 80</ellips><semiaxis Sync="TRUE">6378137.000000</semiaxis><denflat Sync="TRUE">298.257222</denflat></geodetic></horizsys><vertdef><altsys><altenc Sync="TRUE">Explicit elevation coordinate included with horizontal coordinates</altenc><altres Sync="TRUE">0.000100</altres></altsys></vertdef></spref><refSysInfo><RefSystem><refSysID><identCode Sync="TRUE" code="4686" value="4686">MAGNA_Colombia_Bogota</identCode><idCodeSpace Sync="TRUE">EPSG</idCodeSpace><idVersion Sync="TRUE">7.9.4</idVersion></refSysID></RefSystem></refSysInfo><spatRepInfo><VectSpatRep><geometObjs Name="Zonificacion_hidrografica_2013a"><geoObjTyp><GeoObjTypCd value="002" Sync="TRUE"></GeoObjTypCd></geoObjTyp><geoObjCnt Sync="TRUE">0</geoObjCnt></geometObjs><topLvl><TopoLevCd value="001" Sync="TRUE"></TopoLevCd></topLvl></VectSpatRep></spatRepInfo><eainfo><detailed Name="Zonificacion_hidrografica_2013a"><enttyp><enttypl Sync="TRUE">Zonificacion_hidrografica_2013a</enttypl><enttypt Sync="TRUE">Feature Class</enttypt><enttypc Sync="TRUE">0</enttypc></enttyp><attr><attrlabl Sync="TRUE">OBJECTID_1</attrlabl><attalias Sync="TRUE">OBJECTID_1</attalias><attrtype Sync="TRUE">OID</attrtype><attwidth Sync="TRUE">4</attwidth><atprecis Sync="TRUE">0</atprecis><attscale Sync="TRUE">0</attscale><attrdef Sync="TRUE">Internal feature number.</attrdef><attrdefs Sync="TRUE">Esri</attrdefs><attrdomv><udom Sync="TRUE">Sequential unique whole numbers that are automatically generated.</udom></attrdomv></attr><attr><attrlabl Sync="TRUE">OBJECTID</attrlabl><attalias Sync="TRUE">OBJECTID</attalias><attrtype Sync="TRUE">Integer</attrtype><attwidth Sync="TRUE">4</attwidth><atprecis Sync="TRUE">0</atprecis><attscale Sync="TRUE">0</attscale><attrdef Sync="TRUE">Internal feature number.</attrdef><attrdefs Sync="TRUE">ESRI</attrdefs><attrdomv><udom Sync="TRUE">Sequential unique whole numbers that are automatically generated.</udom></attrdomv></attr><attr><attrlabl Sync="TRUE">FID_SZH_Colombia_2013</attrlabl><attalias Sync="TRUE">FID_SZH_Colombia_2013</attalias><attrtype Sync="TRUE">Integer</attrtype><attwidth Sync="TRUE">4</attwidth><atprecis Sync="TRUE">0</atprecis><attscale Sync="TRUE">0</attscale></attr><attr><attrlabl Sync="TRUE">Shape</attrlabl><attalias Sync="TRUE">Shape</attalias><attrtype Sync="TRUE">Geometry</attrtype><attwidth Sync="TRUE">0</attwidth><atprecis Sync="TRUE">0</atprecis><attscale Sync="TRUE">0</attscale><attrdef Sync="TRUE">Feature geometry.</attrdef><attrdefs Sync="TRUE">ESRI</attrdefs><attrdomv><udom Sync="TRUE">Coordinates defining the features.</udom></attrdomv></attr><attr><attrlabl Sync="TRUE">AH</attrlabl><attalias Sync="TRUE">AH</attalias><attrtype Sync="TRUE">SmallInteger</attrtype><attwidth Sync="TRUE">2</attwidth><atprecis Sync="TRUE">0</atprecis><attscale Sync="TRUE">0</attscale></attr><attr><attrlabl Sync="TRUE">NOMAH</attrlabl><attalias Sync="TRUE">NOMAH</attalias><attrtype Sync="TRUE">String</attrtype><attwidth Sync="TRUE">15</attwidth><atprecis Sync="TRUE">0</atprecis><attscale Sync="TRUE">0</attscale></attr><attr><attrlabl Sync="TRUE">ZH</attrlabl><attalias Sync="TRUE">ZH</attalias><attrtype Sync="TRUE">SmallInteger</attrtype><attwidth Sync="TRUE">2</attwidth><atprecis Sync="TRUE">0</atprecis><attscale Sync="TRUE">0</attscale></attr><attr><attrlabl Sync="TRUE">NOMZH</attrlabl><attalias Sync="TRUE">NOMZH</attalias><attrtype Sync="TRUE">String</attrtype><attwidth Sync="TRUE">32</attwidth><atprecis Sync="TRUE">0</atprecis><attscale Sync="TRUE">0</attscale></attr><attr><attrlabl Sync="TRUE">SZH</attrlabl><attalias Sync="TRUE">SZH</attalias><attrtype Sync="TRUE">SmallInteger</attrtype><attwidth Sync="TRUE">2</attwidth><atprecis Sync="TRUE">0</atprecis><attscale Sync="TRUE">0</attscale></attr><attr><attrlabl Sync="TRUE">NOMSZH</attrlabl><attalias Sync="TRUE">NOMSZH</attalias><attrtype Sync="TRUE">String</attrtype><attwidth Sync="TRUE">91</attwidth><atprecis Sync="TRUE">0</atprecis><attscale Sync="TRUE">0</attscale></attr><attr><attrlabl Sync="TRUE">FID_Zonificacion_hidrografica_2013</attrlabl><attalias Sync="TRUE">FID_Zonificacion_hidrografica_2013</attalias><attrtype Sync="TRUE">Integer</attrtype><attwidth Sync="TRUE">4</attwidth><atprecis Sync="TRUE">0</atprecis><attscale Sync="TRUE">0</attscale></attr><attr><attrlabl Sync="TRUE">COD_AH</attrlabl><attalias Sync="TRUE">Código Área</attalias><attrtype Sync="TRUE">SmallInteger</attrtype><attwidth Sync="TRUE">2</attwidth><atprecis Sync="TRUE">0</atprecis><attscale Sync="TRUE">0</attscale></attr><attr><attrlabl Sync="TRUE">COD_ZH</attrlabl><attalias Sync="TRUE">Código Zona</attalias><attrtype Sync="TRUE">SmallInteger</attrtype><attwidth Sync="TRUE">2</attwidth><atprecis Sync="TRUE">0</atprecis><attscale Sync="TRUE">0</attscale></attr><attr><attrlabl Sync="TRUE">COD_SZH</attrlabl><attalias Sync="TRUE">Código Subzona</attalias><attrtype Sync="TRUE">SmallInteger</attrtype><attwidth Sync="TRUE">2</attwidth><atprecis Sync="TRUE">0</atprecis><attscale Sync="TRUE">0</attscale></attr><attr><attrlabl Sync="TRUE">NOM_AH</attrlabl><attalias Sync="TRUE">Nombre Área</attalias><attrtype Sync="TRUE">String</attrtype><attwidth Sync="TRUE">50</attwidth><atprecis Sync="TRUE">0</atprecis><attscale Sync="TRUE">0</attscale></attr><attr><attrlabl Sync="TRUE">NOM_ZH</attrlabl><attalias Sync="TRUE">Nombre Zona</attalias><attrtype Sync="TRUE">String</attrtype><attwidth Sync="TRUE">50</attwidth><atprecis Sync="TRUE">0</atprecis><attscale Sync="TRUE">0</attscale></attr><attr><attrlabl Sync="TRUE">NOM_SZH</attrlabl><attalias Sync="TRUE">Nombre Subzona</attalias><attrtype Sync="TRUE">String</attrtype><attwidth Sync="TRUE">60</attwidth><atprecis Sync="TRUE">0</atprecis><attscale Sync="TRUE">0</attscale></attr><attr><attrlabl Sync="TRUE">Shape_Length</attrlabl><attalias Sync="TRUE">Shape_Length</attalias><attrtype Sync="TRUE">Double</attrtype><attwidth Sync="TRUE">8</attwidth><atprecis Sync="TRUE">0</atprecis><attscale Sync="TRUE">0</attscale><attrdef Sync="TRUE">Length of feature in internal units.</attrdef><attrdefs Sync="TRUE">ESRI</attrdefs><attrdomv><udom Sync="TRUE">Positive real numbers that are automatically generated.</udom></attrdomv></attr><attr><attrlabl Sync="TRUE">Shape_Area</attrlabl><attalias Sync="TRUE">Shape_Area</attalias><attrtype Sync="TRUE">Double</attrtype><attwidth Sync="TRUE">8</attwidth><atprecis Sync="TRUE">0</atprecis><attscale Sync="TRUE">0</attscale><attrdef Sync="TRUE">Area of feature in internal units squared.</attrdef><attrdefs Sync="TRUE">ESRI</attrdefs><attrdomv><udom Sync="TRUE">Positive real numbers that are automatically generated.</udom></attrdomv></attr></detailed></eainfo><mdDateSt Sync="TRUE">20150611</mdDateSt><dataqual><lineage><procstep><procdesc Sync="TRUE">Dataset copied.</procdesc><srcused Sync="TRUE">\\ALQUILER059\X\IDEAM\VERSIONES_GDB\V_18_2010_02_26\CUENCAS_TOPOLOGIA\ZONIFICACION HIDROGRAFICA DE COLOMBIA.mdb</srcused><date Sync="TRUE">20100226</date><time Sync="TRUE">20482100</time></procstep><procstep><procdesc Sync="TRUE">Dataset copied.</procdesc><srcused Sync="TRUE">\\ALQUILER059\X\IDEAM\VERSIONES_GDB\V_18_2010_02_26\CUENCAS_TOPOLOGIA\Zonificacion_Hidrografica.mdb</srcused><date Sync="TRUE">20100226</date><time Sync="TRUE">20545200</time></procstep><procstep><procdesc Sync="TRUE">Dataset copied.</procdesc><srcused Sync="TRUE">\\ALQUILER059\X\IDEAM\VERSIONES_GDB\V_24_2010_03_04\ZONIFICACION HIDROGRAFICA DE COLOMBIA.mdb</srcused><date Sync="TRUE">20100304</date><time Sync="TRUE">22273800</time></procstep><procstep><procdesc Sync="TRUE">Dataset copied.</procdesc><srcused Sync="TRUE">\\alquiler059\proyecto$\nmmendozac\IDEAM\GDB\ZONIFICACION HIDROGRAFICA DE COLOMBIA.mdb</srcused><date Sync="TRUE">20100330</date><time Sync="TRUE">17480600</time></procstep><procstep><procdesc Sync="TRUE">Dataset copied.</procdesc><srcused Sync="TRUE">\\alquiler059\proyecto$\nmmendozac\IDEAM\GDB\CUENCAS.mdb</srcused><date Sync="TRUE">20100331</date><time Sync="TRUE">16221600</time></procstep><procstep><procdesc Sync="TRUE">Dataset copied.</procdesc><srcused Sync="TRUE">\\alquiler059\proyecto$\nmmendozac\IDEAM\GDB\ZONIFICACION HIDROGRAFICA DE COLOMBIA.mdb</srcused><date Sync="TRUE">20100408</date><time Sync="TRUE">23265200</time></procstep><procstep><procdesc Sync="TRUE">Dataset copied.</procdesc><srcused Sync="TRUE">\\ALQUILER059\X\IDEAM\GDB_1500\ZONIFICACION HIDROGRAFICA DE COLOMBIA_1500.mdb</srcused><date Sync="TRUE">20100427</date><time Sync="TRUE">22033300</time></procstep><procstep><procdesc Sync="TRUE">Dataset copied.</procdesc><srcused Sync="TRUE">\\TOSHIBA-PC\G$\CARTOGRAFIA_ESTRUCTURADA_HIDROLOGIA\BASE_DATOS_HIDROLOGIA.mdb</srcused><procdate Sync="TRUE">20110520</procdate><proctime Sync="TRUE">09541000</proctime></procstep><procstep><procdesc Sync="TRUE">Dataset copied.</procdesc><srcused Sync="TRUE"></srcused><procdate Sync="TRUE">20110708</procdate><proctime Sync="TRUE">18543100</proctime></procstep><procstep><procdesc Sync="TRUE">Dataset copied.</procdesc><srcused Sync="TRUE"></srcused><procdate Sync="TRUE">20110710</procdate><proctime Sync="TRUE">23313400</proctime></procstep><procstep><procdesc Sync="TRUE">Dataset copied.</procdesc><srcused Sync="TRUE"></srcused><procdate Sync="TRUE">20110712</procdate><proctime Sync="TRUE">10361100</proctime></procstep><procstep><procdesc Sync="TRUE">Dataset copied.</procdesc><srcused Sync="TRUE"></srcused><procdate Sync="TRUE">20110717</procdate><proctime Sync="TRUE">21433800</proctime></procstep><procstep><procdesc Sync="TRUE">Dataset copied.</procdesc><srcused Sync="TRUE"></srcused><procdate Sync="TRUE">20110731</procdate><proctime Sync="TRUE">07031000</proctime></procstep><procstep><procdesc Sync="TRUE">Dataset copied.</procdesc><srcused Sync="TRUE"></srcused><procdate Sync="TRUE">20120801</procdate><proctime Sync="TRUE">21502200</proctime></procstep></lineage></dataqual></metadata>
